case,study_seed,method,class_order,train_counts,curve,task1_accuracy,task5_accuracy,final_accuracy,average_accuracy
case01,2026,traditional_full_update,0 6 2 3 8 4 7 9 5 1,0:5000 1:500 2:2997 3:2321 4:1391 5:646 6:3871 7:1077 8:1797 9:834,95.7000 40.9500 31.6833 20.6125 18.3900,95.700000,18.390000,18.390000,41.467167
case01,2026,tae_ced_top_p,0 6 2 3 8 4 7 9 5 1,0:5000 1:500 2:2997 3:2321 4:1391 5:646 6:3871 7:1077 8:1797 9:834,95.5500 39.7250 31.2000 23.4000 17.3800,95.550000,17.380000,17.380000,41.451000
case05,2030,traditional_full_update,7 2 1 8 3 0 9 5 6 4,0:1391 1:2997 2:3871 3:1797 4:500 5:834 6:646 7:5000 8:2321 9:1077,89.9500 48.0000 30.3667 23.9000 15.2100,89.950000,15.210000,15.210000,41.485333
case05,2030,tae_ced_top_p,7 2 1 8 3 0 9 5 6 4,0:1391 1:2997 2:3871 3:1797 4:500 5:834 6:646 7:5000 8:2321 9:1077,88.5000 47.4250 30.7833 23.5750 15.3400,88.500000,15.340000,15.340000,41.124667
