{
  "methods": {
    "traditional_full_update": {
      "task1_accuracy": {
        "n": 10,
        "mean": 91.775,
        "std": 5.577247927467853,
        "min": 79.1,
        "max": 97.6
      },
      "task5_accuracy": {
        "n": 10,
        "mean": 16.826,
        "std": 1.7444973806547006,
        "min": 14.57,
        "max": 18.66
      },
      "final_accuracy": {
        "n": 10,
        "mean": 16.826,
        "std": 1.7444973806547006,
        "min": 14.57,
        "max": 18.66
      },
      "average_accuracy": {
        "n": 10,
        "mean": 41.0372835,
        "std": 0.8032500708080683,
        "min": 39.912167,
        "max": 42.5115
      }
    },
    "tae_ced_top_p": {
      "task1_accuracy": {
        "n": 10,
        "mean": 91.705,
        "std": 4.812105683701378,
        "min": 83.65,
        "max": 97.4
      },
      "task5_accuracy": {
        "n": 10,
        "mean": 14.032,
        "std": 3.4298292798459937,
        "min": 10.0,
        "max": 18.32
      },
      "final_accuracy": {
        "n": 10,
        "mean": 14.032,
        "std": 3.4298292798459937,
        "min": 10.0,
        "max": 18.32
      },
      "average_accuracy": {
        "n": 10,
        "mean": 40.1657333,
        "std": 0.9219226077987541,
        "min": 38.652667,
        "max": 41.451
      }
    }
  },
  "differences_tae_minus_traditional": {
    "task1_accuracy": {
      "n": 10,
      "mean": -0.06999999999999744,
      "std": 1.9519505913601196,
      "min": -2.5999999999999943,
      "max": 4.550000000000011
    },
    "task5_accuracy": {
      "n": 10,
      "mean": -2.794,
      "std": 3.374657842738365,
      "min": -8.51,
      "max": 0.6900000000000013
    },
    "final_accuracy": {
      "n": 10,
      "mean": -2.794,
      "std": 3.374657842738365,
      "min": -8.51,
      "max": 0.6900000000000013
    },
    "average_accuracy": {
      "n": 10,
      "mean": -0.8715501999999986,
      "std": 0.49753418392660215,
      "min": -1.5466669999999993,
      "max": -0.01616700000000293
    }
  },
  "highlight_cases": [
    "case01",
    "case05"
  ]
}